2.094260521770626493e+00,1.458505837803534266e+00,1.819473593576519832e+00
2.219354613489277206e+00,2.459685205171023181e+00,3.124441678793135058e+00
1.231837885349770900e+00,2.157709668539918191e+00,1.798204268215146895e+00
2.220190642918629997e+00,2.471794902508196667e+00,2.657147503857389736e+00
2.188401346774480061e+00,1.791295539516633895e+00,2.411558600366180194e+00
1.775276276064012171e+00,2.477284188864769643e+00,1.930960607913948968e+00
1.723445090061356932e+00,7.543913504495856071e-01,1.883763085090167655e+00
8.984979660665197709e-01,1.902865603395323069e+00,2.163642189418269801e+00
2.776913260027193520e+00,2.140601819168533648e+00,1.658337423711391256e+00
2.754497420191129198e+00,1.984624540424009487e+00,1.981348500233222287e+00
2.239778891970919172e+00,1.653674181714530844e+00,2.060793379654301649e+00
1.935261983508438588e+00,1.503431491091196559e+00,2.072333658632181219e+00
2.361855957982344378e+00,2.232737420500000347e+00,3.119036018860422921e+00
2.697509510950743206e+00,1.730936840281164457e+00,1.656995205371833979e+00
1.889271957670849655e+00,1.578473654307638752e+00,2.074100100474069563e+00
2.741353989266884117e+00,1.673863194880007121e+00,1.330936714544891597e+00
2.593207432538382484e+00,2.315943746295351158e+00,2.091155954346498813e+00
2.188314378365814328e+00,1.566299345217734285e+00,1.738356203809984013e+00
2.824485243332660822e+00,2.233778045868451745e+00,4.064279720231778192e-01
5.564226785363801664e-01,2.166340336581938697e+00,1.588279774816782730e+00
2.127752608920469690e+00,1.341876959604906716e+00,1.554476965953851320e+00
1.323403229645875534e+00,3.357285053196595648e+00,2.161556602455423359e+00
2.186749440900987107e+00,1.552669546675539358e+00,1.392801462455781403e+00
1.180467610573225024e+00,1.825656006869782910e+00,1.863947538071002219e+00
1.862410646706211814e+00,2.706190587946281312e+00,3.019812044286356745e+00
1.509345149087844007e+00,2.296213824930989578e+00,2.207913137649213819e+00
4.099779094617561626e+00,2.244360589717244281e+00,2.442355759765971523e+00
2.310559003451943649e+00,1.978420043968465825e+00,9.304543056202667639e-01
2.313946635920355988e+00,1.918931349889166471e+00,1.576055704802141966e+00
3.655438777854413068e+00,2.207785289038209253e+00,1.857057891474884981e+00
3.185902151477406186e+00,1.826549266962492091e+00,1.797205826563496256e+00
1.870566158987932992e+00,1.385383900254015366e+00,2.485820048872457111e+00
3.968763626248472676e-01,1.391873439076895203e+00,1.045926584293134454e+00
1.649879745114734231e+00,1.566239875332974041e+00,1.205341235118054133e+00
2.496579401167362544e+00,2.881038150059567648e+00,2.818636594988034982e+00
2.172523896976508162e+00,2.377843575507676110e+00,2.010675396945470705e+00
2.412870160872096381e+00,2.221210372925424004e+00,2.852209481580847417e+00
8.328322792057327728e-01,2.014739414109966820e+00,1.776948939042654052e+00
1.966294867400851132e+00,3.199152206440285529e+00,1.951339177233797351e+00
2.598486240490276433e+00,1.910954161299615262e+00,2.978794383251969879e+00
2.306208916234286477e+00,1.996001164096615543e+00,2.037496343801965537e+00
2.059624329503877860e+00,2.609841068775168083e+00,1.893891517769315413e+00
1.978199221468875946e+00,2.076335084086165850e+00,2.355808451830077477e+00
4.121601698811542036e+00,1.514332065581594389e+00,2.131044462913359805e+00
2.170813169578439172e+00,1.250497237171273035e+00,3.032971796418812982e+00
3.015369320911492679e+00,2.536610891923908540e+00,2.039230169100875401e+00
8.669587507754981104e-01,1.377528273014291926e+00,2.162258625559061898e+00
1.993696089582031705e+00,2.130185896688260083e+00,2.444828656749723272e+00
2.391060808349417144e+00,1.495943342448314395e+00,1.224114080672274341e+00
2.290500765717403908e+00,2.848533681117995542e+00,2.556695438741484416e+00
3.914684819050535225e+00,1.650549913645626088e+00,2.022164652139214258e+00
3.802684944637204634e-01,1.679935871111167600e+00,2.034040632865277143e+00
6.227693316746882868e-01,1.090513191082342903e+00,1.853634874293600632e+00
3.149980072417750243e+00,1.953140276647433282e+00,2.286713811823049447e+00
2.386361325022053670e+00,2.374817279381578938e+00,2.179873236225132072e+00
-1.107202215012004665e+00,2.549759078457245476e+00,2.633228822720284246e+00
2.216053783720752790e+00,2.291829170092928081e+00,2.048018480586970558e+00
3.277878925542164978e+00,2.029648285494715321e+00,3.140418502147971136e+00
1.865594506422663557e+00,1.105014368345894837e+00,2.622487251241409911e+00
1.445949822824649900e+00,2.513606474713284022e+00,2.563122942951946204e+00
1.010582658746348894e+00,1.837347823819043269e+00,2.346807301497044307e+00
1.038962265509285166e+00,1.884695052093542378e+00,2.635717939319297543e+00
1.754987148507500816e+00,1.943038107200850240e+00,2.678364359452019450e+00
1.882560302296759636e+00,2.495629506072546633e+00,2.066851440847611965e+00
1.437130199067806036e+00,2.064943908834873110e+00,2.063929527025789135e+00
9.045861038182423375e-01,1.423712063794372984e+00,2.057178472491372645e+00
1.813035402566110621e+00,1.669285948305678335e+00,2.156875091968124547e+00
6.370144622122637657e-01,2.260502020310799498e+00,1.666827329963372240e+00
2.282816483948294728e+00,1.767955565414061958e+00,1.254422339884766480e+00
1.544869285841721229e+00,2.203524996728591034e+00,9.665589569658701308e-01
1.604857354093851551e+00,2.726333701441216117e+00,1.479041451876820013e+00
2.673692674985225004e+00,1.983932818268515419e+00,3.425923941621408453e+00
3.387312556244820971e+00,2.332294669868485215e+00,2.291772597054094085e+00
1.893363033089456859e+00,1.757186043035533718e+00,1.896992457810344979e+00
2.411462497804888194e+00,1.719977339075858591e+00,1.666718630025270098e+00
2.513711761434086256e+00,2.312429211932545581e+00,2.491793021777112926e+00
9.435667796326743240e-01,2.186607845492861024e+00,2.581068314665672325e+00
3.410672506728844144e+00,2.363015044160981404e+00,1.446733122805652361e+00
2.307995776224648576e+00,2.040157744836553988e+00,1.421109521142531751e+00
5.438258426800051115e-01,3.082577109306353869e+00,1.860524663739167694e+00
2.281902449918855602e+00,1.791399713804614047e+00,1.709134295172971552e+00
2.769789069315383490e+00,1.614436867622785154e+00,1.608203702488200992e+00
-7.010974288751441463e-01,2.715337723501309419e+00,1.933661839387222026e+00
3.996480051834265357e+00,1.276058095756176680e+00,3.003580473953798791e+00
3.873793659456603589e-01,2.131144980538054678e+00,1.310985672447290362e+00
1.772090632609240490e+00,1.969364338191412322e+00,1.897605603924176654e+00
3.062675190369357203e+00,6.598930350293195080e-01,2.434333219345157229e+00
2.558671723658222596e+00,2.326837334979056315e+00,1.993696418066382314e+00
1.436700231343720269e+00,1.869787137952094280e+00,2.791873136068885319e+00
2.730312657599877735e+00,1.860020383146146372e+00,1.910722400862681081e+00
2.659055505902769845e+00,2.426672859648934200e+00,1.556086802578463990e+00
2.649173526895173936e+00,1.928356752316550571e+00,2.000374243661866558e+00
2.463817552213323658e+00,1.983953320789953123e+00,1.079892405863414728e+00
2.089180830448313930e+00,1.770368791198555947e+00,1.769238363660263547e+00
3.409659900681305977e+00,1.877559870233004746e+00,1.370833424728712391e+00
2.370168740374595906e+00,1.069887093093815800e+00,1.961057138354074914e+00
2.128171216974599211e+00,2.347772224004752051e+00,2.369595844195821588e+00
3.258866126952156606e+00,1.749042311901716440e+00,2.099544108932959841e+00
3.971224925396379390e-01,1.989575218719346950e+00,1.708870213220597511e+00
1.595916446250302378e+00,1.716191155992421002e+00,3.031693394575682987e+00
-1.545265904252945965e-01,2.265328355383750658e+00,1.864486714522339827e+00
8.467504829899965557e-01,2.085545757435648628e+00,2.659235915633280989e+00
1.890966851508691482e+00,2.588041705081344013e+00,1.983307861513587733e+00
1.441529975167543443e+00,1.328692103685382042e+00,1.738270703621018543e+00
1.698912081898938276e+00,1.272829559887134421e+00,1.488999605318368724e+00
1.605366549661652709e+00,1.099270820062895115e+00,2.515636339107321096e+00
1.676687470028895621e+00,2.334088501073814825e+00,1.252431920876516447e+00
6.694147537498582601e-01,1.415900462766976453e+00,1.338416284129731793e+00
2.830413860073348609e+00,1.817629600390757494e+00,1.780864383922795113e+00
7.312598844911739615e-01,1.674541901089797946e+00,2.985707930122897924e+00
2.730668586500420769e+00,2.807022497527323246e+00,2.012532148717188107e+00
1.529305104207002497e+00,1.980972308363383005e+00,1.775896050827801664e+00
1.485111620247997255e+00,2.247872112462361738e+00,1.838569914655286297e+00
2.670192719761509181e+00,2.652852908291071898e+00,1.605418200859834776e+00
1.007595285731626600e+00,2.082448490143083308e+00,1.314565197770389382e+00
1.148350147114538977e+00,1.623076174438373043e+00,2.061581510651807836e+00
1.783175405036397709e+00,1.844190305279822750e+00,1.890146769260494297e+00
1.858174989493712070e+00,1.737483297535065807e+00,1.634955087326140699e+00
1.066022399016229638e+00,2.124341774680629680e+00,2.012537999005692857e+00
2.877396433927336350e+00,2.050769433563969901e+00,2.803657676876777582e+00
2.327855843179717166e+00,2.170561426173497122e+00,1.283115364603641950e+00
2.346296651524145460e+00,1.440004203178994580e+00,1.811917331291728939e+00
1.174068499653576181e+00,1.931286742117109378e+00,2.557786234636358902e+00
2.177454885470226476e+00,2.826332837400951981e+00,1.691142305600713769e+00
7.507239237625689121e-01,2.140947969656255445e+00,2.210665391299909910e+00
2.087495996971776346e+00,2.185170548456530248e+00,2.429288170378609113e+00
-2.255295289508891798e-01,1.961146761031332675e+00,2.271388087096168462e+00
2.808752706794305887e+00,2.341877512091626645e+00,1.886909831221804668e+00
3.244925249917611776e+00,1.651189008539968750e+00,2.100075259822773432e+00
-4.060871915842945157e-01,2.810465135099841749e+00,1.829092752459807514e+00
3.329201548032492575e+00,2.850982988251824501e+00,1.640007503582879611e+00
1.365807664433671409e+00,1.980544835711556262e+00,1.426978676221013709e+00
2.757196255219765302e+00,2.408381006115157597e+00,1.743768181678544416e+00
9.432312448300592678e-01,1.409578335180151853e+00,2.056754053000453553e+00
2.183367406153214674e+00,1.561736706442729883e+00,2.229087109500822894e+00
2.128327934776404806e+00,2.687484034196565119e+00,2.136613037294365913e+00
2.699195190780096620e+00,2.554238571263612645e+00,1.833654056518033260e+00
1.817377777035004138e+00,2.714940531410112712e+00,1.603108878912476332e+00
1.876906264942417524e+00,1.924324164992827546e+00,3.222315371855496657e+00
2.213133877129019211e+00,2.257555798881400122e+00,1.989269703434249914e+00
1.697901957490599356e+00,1.311117910625781757e+00,2.457629803620924758e+00
2.543689615811498772e+00,2.875527124426651149e+00,2.549555652918815252e+00
1.196289578892546057e+00,2.508524983935006780e+00,1.156659373892239051e+00
1.662927695308219933e+00,1.674563233205932811e+00,1.661379505301877835e+00
2.278859894242232453e+00,1.667613176464162628e+00,1.943616555172990035e+00
8.690046378505964508e-01,1.458900590705437761e+00,2.857106945258882202e+00
1.589218258272564244e+00,2.512479066598008792e+00,2.264579995742544760e+00
6.769211715107001925e-01,2.098468597237327593e+00,1.800822913141841397e+00
2.408906833925753332e+00,1.795179138368344640e+00,1.479309782634519621e+00
1.859359498188153381e+00,2.600752541061742917e+00,2.639917312655077453e+00
1.261021961625288679e+00,2.948497301661242354e+00,1.875351139460412320e+00
1.497131639609781129e-01,1.565352220722759036e+00,1.334608542101703099e+00
3.989481458471067832e+00,1.546527917974094279e+00,1.685149781218691967e+00
1.962174055768606484e+00,2.407237152833721971e+00,9.623978433459501325e-01
1.180603759466707370e+00,1.722569890212427790e+00,2.241188034148037023e+00
1.484032324919759116e+00,1.763467634005550400e+00,2.442121890740782675e+00
1.279390387614255609e+00,1.536435464252011940e+00,2.114329802579272943e+00
3.048974639923630825e+00,2.270053435467358938e+00,1.886098718718771439e+00
2.383936027054316398e+00,1.784996356715745858e+00,1.937712775074770466e+00
4.059792959330452256e+00,2.330877189965727236e+00,2.541396613877430433e+00
7.616215444699114823e-01,1.852264449334343199e+00,1.195633211700286802e+00
1.816499809695555134e+00,1.853811905173895935e+00,2.459578151060016094e+00
2.209323110120644085e+00,2.360528330669863006e+00,1.734980160061008636e+00
1.881731442866355186e+00,1.446129699650545053e+00,2.182657210412984217e+00
9.840140132105303916e-01,2.387703273830918516e+00,1.675076733732542067e+00
1.677579375964568520e+00,1.509221770653053962e+00,2.261866707948884336e+00
1.846368341769253130e+00,1.158096411095561384e+00,2.575959287264860897e+00
1.673509225095139552e+00,1.979736224873168693e+00,1.930767644825806428e+00
1.421105106381401306e+00,1.452264718243319486e+00,1.696762388692444556e+00
1.229175131454849579e+00,2.438048459590465455e+00,2.258231753907449679e+00
1.931188648625461468e+00,8.074848533352592117e-01,1.714658787161701836e+00
1.959496252762557678e+00,2.195662719187251088e+00,1.020773549873492447e+00
2.257583671932557490e+00,2.958658843692432594e+00,1.571275484062244487e+00
1.179880294024381326e+00,1.410816281551334761e+00,1.705850638973470890e+00
1.769727615862620285e+00,1.445611394294450402e+00,1.651841182068641167e+00
2.030366646090123517e+00,1.853327395689708057e+00,1.200774697349483944e+00
2.938603543272543028e+00,2.090827360584210481e+00,2.092668315572843607e+00
2.316062425829535698e+00,1.498218114813678170e+00,3.007164710847194833e+00
1.694069329908172827e+00,2.346370105241248893e+00,2.910240385621561288e+00
1.850111004768859368e+00,2.246029873569312496e+00,1.955087527429712813e+00
4.117496699163340601e+00,2.616504640098886281e+00,2.836663370742191326e+00
1.814788512286724220e+00,1.814218994962268239e+00,2.467230349953958513e+00
-1.465663577898563830e-01,2.110525551087703899e+00,1.805835497373133647e+00
2.425012317826386710e+00,1.757426890845535050e+00,1.852174863306717656e+00
6.275956547754555359e-01,3.192864793713659388e+00,1.401381880204219943e+00
1.717272767091158281e+00,1.419473039504525413e+00,1.549121918636250150e+00
3.141017181825120907e+00,1.917733079192712298e+00,2.224692152070420370e+00
2.884119463741491085e+00,1.185728991722121872e+00,2.608991043830961587e+00
6.645158113309896919e-01,2.129858960769441367e+00,2.603231842367735194e+00
2.792512541220512734e+00,2.437906191827282854e+00,1.842496705450148653e+00
2.201385999132221549e+00,2.421245909244362782e+00,1.587673496690079844e+00
1.123834920467890353e+00,1.798505108880429582e+00,1.776044003373228986e+00
5.187007044429901015e-01,1.897214040145738911e+00,1.567193125168697243e+00
5.832203000449693864e-01,2.287335110057728826e+00,2.134804245486607854e+00
1.755019968488896298e+00,1.891645484319008030e+00,2.354772886325078751e+00
3.042701730756119716e+00,1.973722329877088066e+00,1.837281606851964399e+00
3.333951774896363851e+00,2.186811409453028876e+00,1.706114991178458773e+00
2.441247610847872895e+00,2.087501895126234075e+00,1.477900406873315697e+00
1.813180899974276006e+00,2.356596216127182508e+00,1.663783111700940731e+00
3.380416457227842120e+00,1.563270783099896422e+00,1.790209216911308410e+00
8.350925537357621664e+00,1.453032379363746296e+00,4.098991860537935850e+00
6.399509303361993418e+00,1.415451597782580118e+00,5.643144527296801272e+00
8.329855395627413728e+00,1.410660565293683000e+00,3.795855547007688902e+00
6.755178102128135187e+00,1.400679013096859160e+00,3.136591773945797801e+00
7.518325070695358825e+00,1.574230532729051557e+00,5.718483013660201841e+00
7.745021278813124077e+00,1.046730199131296057e+00,5.562006197707262345e+00
7.850052767608604043e+00,1.680056280842526339e+00,4.295693738234943382e+00
9.417626177599697002e+00,5.594814146998298154e-01,4.726309032539574240e+00
9.472028952438503069e+00,7.475733297083830831e-01,6.484747149859543036e+00
7.506603566707710229e+00,1.839996003687308868e+00,5.940136180656701015e+00
1.039035408018035866e+01,1.674019392183524246e+00,3.808385456223883914e+00
7.120226407323464457e+00,8.469928954145636846e-01,5.057506106121596012e+00
7.221071740769257730e+00,1.696564444446968745e+00,7.336477535219749768e+00
7.528014944461182800e+00,1.891197775997779829e+00,6.877596177680246115e+00
8.504578458079338432e+00,6.772981547882747089e-01,6.398185938535899453e+00
6.282909076324747488e+00,1.278438597228105600e+00,3.234854840643420992e+00
8.180114942640221543e+00,2.109036957011865443e+00,5.648286287380745563e+00
1.060000361047863038e+01,2.252700542461372635e+00,4.128145130906383464e+00
7.173209456069820078e+00,1.720684148599642915e+00,5.014976661983316042e+00
7.019728142141049787e+00,1.361869729765554204e+00,5.960148861722480262e+00
8.934030934408001556e+00,1.374850525113949118e+00,4.486117494911158410e+00
9.465831247799046722e+00,1.734303397822061887e+00,3.988430557221239958e+00
5.825885310380447990e+00,1.682268214657723027e+00,4.632074713123663479e+00
1.019996954388043164e+01,2.231159675036812562e+00,5.060277017203011596e+00
7.055313828481894589e+00,1.420346142151942326e+00,5.582711354534815484e+00
7.861993715387662895e+00,1.431749179452180609e+00,4.361963539785875810e+00
7.265202594232105682e+00,2.492377864863454473e+00,4.258395448538577988e+00
7.738426270557718034e+00,1.843927867979840096e+00,6.428558049514691675e+00
8.383847417249912226e+00,1.501918548839888956e+00,6.310557810780712984e+00
8.114406639420437273e+00,1.529276468567861480e+00,6.037956883655476226e+00
7.853441444181384234e+00,1.968822680853016038e+00,3.123038712690135998e+00
7.313855647185784292e+00,2.178609013939763361e+00,6.330384883873520607e+00
9.597941929744386869e+00,1.627895248742909917e-01,5.370059779053581117e+00
8.612535112384682279e+00,1.164089791851315336e+00,4.022093129239148190e+00
9.975955850669544489e+00,1.842254920731773993e+00,4.524916299223058047e+00
7.255882593501878475e+00,2.159392746984357014e+00,5.463833837472034993e+00
7.834173356155711865e+00,2.197101737902302787e+00,5.413337777055880373e+00
9.073670735265219278e+00,1.598317575616021502e+00,5.273052625716571740e+00
8.072437005754755646e+00,8.940689526579257418e-01,5.146204498868113930e+00
6.531864733269613588e+00,1.244058800538196952e+00,4.181982067359636623e+00
6.635617308479943688e+00,1.400849039395588580e+00,5.994571034306502177e+00
9.114442082124041278e+00,9.718229658556171158e-01,5.138068991237437544e+00
7.012264754868151151e+00,1.021538849596693055e+00,4.295684132236382347e+00
8.785025237067364046e+00,8.515288301069793286e-01,4.717730998551036947e+00
7.359342395589543173e+00,1.392700187034504600e+00,5.702749733797014109e+00
6.665778271331322280e+00,9.781635078480249712e-01,3.268490813485402491e+00
7.331525959256035563e+00,1.339568864674222093e+00,5.053561215500180559e+00
7.370437226053435431e+00,9.017098980083224635e-01,3.228454222576147892e+00
8.426171111194205920e+00,1.607585334185662962e+00,5.623041053279004942e+00
7.095625111212771507e+00,1.375246809718021268e+00,5.307838472311889433e+00
6.357032219607266832e+00,2.106136035739192280e+00,5.576752217721864469e+00
7.169218220950757114e+00,1.080783627485789822e+00,5.645302416244839527e+00
8.229381113471754716e+00,1.565794463346808607e+00,4.728608352812130100e+00
6.169519001248010781e+00,1.022815349241127825e+00,3.841445841048820142e+00
8.965351902521280891e+00,9.350780889195355883e-01,4.845076358850299414e+00
6.074468836447508124e+00,1.623818370839145597e+00,4.448683763006121339e+00
8.291875997250334862e+00,2.659628408317436410e+00,5.499164014655335109e+00
6.314535731777708882e+00,2.318834539417627738e+00,4.786891410673415947e+00
7.606664476427782873e+00,1.535351510498693006e+00,5.893959505250585096e+00
8.502263296328552045e+00,2.179728770191416309e+00,5.766860987204604605e+00
7.242127127522871355e+00,1.789662066947378838e+00,6.615678231205524895e+00
9.008116368851878164e+00,1.022694109274386864e+00,4.164560400706608156e+00
7.975841312163267638e+00,1.055061187280684987e+00,6.251801847940825496e+00
6.238192144618122548e+00,1.498366629357077207e+00,4.814236144148639873e+00
6.601361246161904894e+00,4.930770704595548448e-01,3.486348827503778836e+00
8.315978513408545325e+00,1.764710993122516891e+00,5.176130801043896668e+00
9.215686274850503068e+00,9.758975137365538677e-01,8.660290854735952948e+00
7.805309811604374204e+00,2.058924040656230581e+00,4.544306182017655793e+00
8.421967814991218049e+00,2.088503635481222087e+00,4.904827986032153753e+00
7.902280085264140830e+00,1.709995616240236771e+00,5.305225567000861453e+00
8.261195486629064888e+00,1.401410286669235505e+00,4.312587980988201508e+00
9.879642422367130195e+00,1.836464144101502383e+00,3.881499207990768419e+00
7.038461109934818438e+00,8.818052808164148493e-01,4.897783557204682836e+00
8.000315716449895476e+00,1.471256802469084413e+00,6.891055783297371562e+00
7.455781946494038692e+00,1.121016522314834951e+00,3.400047149833870463e+00
8.431779353926643239e+00,1.466824542858160552e+00,3.569107622583290507e+00
7.717320170418010328e+00,5.661794114339951944e-01,4.726872578550665338e+00
7.952058599437505038e+00,1.701289026418002504e+00,5.850265028055179783e+00
7.845588111017640642e+00,2.346719679028102412e+00,5.265500108471794505e+00
9.345800212233017490e+00,1.849704816662621099e+00,4.532930196490417174e+00
7.764316236197290166e+00,1.460406933699802456e+00,4.386241934574080403e+00
7.176055943773565815e+00,1.629681222541647267e+00,4.636076260071261501e+00
8.551217586241111945e+00,1.462698604552640003e+00,3.513655261115126827e+00
7.351039211004790630e+00,1.379576110104973719e+00,4.709599563033378899e+00
8.380992324557070106e+00,1.378399853918001350e+00,6.151403008851237253e+00
8.575575176060276306e+00,7.569655717784042892e-01,5.000501024552672646e+00
7.861623370787916620e+00,2.397720850452677244e+00,5.054032924654655368e+00
7.784759413179236809e+00,1.454413500631264622e+00,3.513963418983450993e+00
7.739068201941801561e+00,1.821698773026341645e+00,2.570921709706432967e+00
6.952364051557271551e+00,1.418835533650009362e+00,3.704049359049786716e+00
6.940854022728633943e+00,1.224066499167608679e+00,2.799216700603855301e+00
7.662935739727697815e+00,1.944777742406224252e+00,4.494701545303803059e+00
6.896099478787180992e+00,1.720922657813204415e+00,5.282719142417769298e+00
7.369605381059483484e+00,1.192760749621449623e+00,3.434396963730870223e+00
8.506764177064876975e+00,1.640787506359771886e+00,6.061171337565254724e+00
8.422566996735881162e+00,2.520774405497110848e+00,4.666979043595071097e+00
8.971408361063796022e+00,1.755987512407515050e+00,4.212472238499788801e+00
9.042981018588415409e+00,1.206606854113294158e+00,4.918544460091407444e+00
8.355037997278030204e+00,1.583527335441343720e+00,6.374609273742186666e+00
7.950985264649766293e+00,1.923463049195251351e+00,6.392725998943481258e+00
6.967244611746245653e+00,1.822356645652270402e+00,5.459814630948009118e+00
8.109481321777003870e+00,1.335062238266406798e+00,4.168057520254991211e+00
7.950672839355764410e+00,2.058412247240019255e+00,4.793168169344407481e+00
7.642664436695681296e+00,1.557842796453081879e+00,4.653979115007703449e+00
7.596522711791006799e+00,2.054983418727593936e+00,5.989700480815840500e+00
7.381524001010799196e+00,1.583512930812298380e+00,4.277947746205438939e+00
9.107479190913672085e+00,1.553512305389777914e+00,4.402572895978933865e+00
7.684157139423372307e+00,2.920322422257831008e+00,4.611028987254378819e+00
8.409228174923406129e+00,1.088237033304947365e+00,4.666370881716018992e+00
9.020104354359766319e+00,1.372035741858864899e+00,4.646452739464431936e+00
9.504746206536962561e+00,2.257788061082946385e+00,7.359195761926789814e+00
8.117740246183227981e+00,4.268072839647738537e-01,4.087245356409626496e+00
8.261683099967020993e+00,8.849939339312872244e-01,4.059114195269721392e+00
9.098794202769445505e+00,1.708056159339810698e+00,5.321805361275766977e+00
8.383709047444533269e+00,8.924459597838203528e-01,6.627176691582382873e+00
7.201846999400968841e+00,2.488000945151039645e+00,3.234490730501320410e+00
6.685420911999925053e+00,2.227219240000290590e+00,5.320554068938146308e+00
8.784934280164433673e+00,9.170683991730881335e-01,2.152117930349828345e+00
8.506282287045941359e+00,1.642299239091449259e+00,5.256943274152016343e+00
7.876273292980486396e+00,1.702778944983629472e+00,4.774252226112774444e+00
6.857834095570546573e+00,2.039007097171703808e+00,6.704572100994266037e+00
9.446756544999859173e+00,2.346222627607847500e+00,5.724829162200359534e+00
8.172100039242451430e+00,1.326081456239912360e+00,4.144158898103365019e+00
6.142940388781710226e+00,1.141001026559270715e+00,4.532094207270056074e+00
7.007654171695020473e+00,1.495007804704510557e+00,5.861349502603349748e+00
8.814411073851239564e+00,1.492011295285226025e+00,5.119442288984699552e+00
8.191502076548049516e+00,1.111804010930638631e+00,5.292832920331006719e+00
1.012883961498766006e+01,1.698041073898195918e+00,3.835440408277003499e+00
7.325710098695529027e+00,1.573354296228155702e+00,5.005247137834585303e+00
9.896266075648574301e+00,1.677161579494140131e+00,6.403728143139948870e+00
9.177719324498532671e+00,1.096183300559273377e+00,4.754757975416605831e+00
8.785089254116162039e+00,1.406760715641475645e+00,5.110059394786977904e+00
7.887102927178560208e+00,2.435485892173460787e+00,6.798132303678227295e+00
7.809110360771236437e+00,1.993081250859487952e+00,3.493423919076525053e+00
7.917538354646618259e+00,1.374656909762669077e+00,5.200413885707328099e+00
8.225174328756734710e+00,1.220607509851014960e+00,4.737305312534034307e+00
7.741974354173101425e+00,1.101817066942998302e+00,2.992916493789105292e+00
7.094474255289811460e+00,1.794418741132981499e+00,4.754017356444379061e+00
7.568516089334030639e+00,7.759610997771146934e-01,5.936642553956913204e+00
7.178743054904112242e+00,1.440596885713712583e+00,4.744409554259791051e+00
7.734765303647262336e+00,1.739868006619738283e+00,4.284892943613076710e+00
7.727120234279428068e+00,1.050769464935882969e+00,5.059251468092763382e+00
7.838459039372526860e+00,5.076842480008846303e-01,5.064061483098390326e+00
8.722181980096566534e+00,1.755761619688369857e+00,3.887200053808181899e+00
7.337655621936868044e+00,1.167135772295144314e+00,5.413014468893584841e+00
9.091782704631077294e+00,1.865477925523941094e+00,3.960283650993884130e+00
7.556484465110923310e+00,1.097983013448547762e+00,3.964866009698639004e+00
7.711111895124410864e+00,1.807059377757985752e+00,7.106078206754663285e+00
8.450372711290338401e+00,1.624918220088491294e+00,4.931167478582962893e+00
7.771201573212354496e+00,2.187885500934573457e+00,4.931143668174160943e+00
8.580134377940691337e+00,3.369315215133017460e-01,4.214899866824978858e+00
8.065140762606247904e+00,1.450421839182405970e+00,3.263139921489767836e+00
7.584877081004954391e+00,1.954952373477451211e+00,5.487444252373511411e+00
6.515984941312536805e+00,1.339133468623921130e+00,4.475121342161056504e+00
7.629987129398721812e+00,1.887411593877936111e+00,3.756389476323008125e+00
8.622570024539735201e+00,1.961657073413298313e+00,3.758494919882856777e+00
8.113152123461835785e+00,2.091078603290791094e+00,3.901507661187324061e+00
8.827603223634465479e+00,1.309649497943725427e+00,6.822066385082270479e+00
7.394181884171355357e+00,1.002606715543088889e+00,4.772217192170724154e+00
7.504390466337523158e+00,2.408843519417747991e+00,6.304774472440906052e+00
8.874003765641596431e+00,3.462320772176603612e-01,7.212492436682019559e+00
7.515267253709936313e+00,1.635135750401460530e+00,4.066776280778237940e+00
9.388168703556734940e+00,1.010773075373893715e+00,5.197657702258859480e+00
7.110973617659774426e+00,1.001102779432783585e+00,4.939402552690725479e+00
8.584821492230908291e+00,1.535189203864700147e+00,6.261755485813182531e+00
8.040407543272834801e+00,5.504317215605007974e-01,5.149629117367338083e+00
8.015443939709397725e+00,1.705578617846122302e+00,5.896851256323300206e+00
7.322792428877149540e+00,1.877975415034502493e+00,6.239664149686889871e+00
7.307016796619956622e+00,1.393169784671393741e+00,5.041553662666004243e+00
8.234303519610865152e+00,1.488426851835570330e+00,6.191987813777910077e+00
7.486036227605260329e+00,1.638482335403499857e+00,6.210448979049105311e+00
7.311455853745282951e+00,1.590271204832024665e+00,5.019261749994041288e+00
7.892093991775664286e+00,1.980675495235628913e+00,5.551971879918425223e+00
8.092526473274130439e+00,1.566422426429203929e+00,4.137132790446895747e+00
7.652627619408113091e+00,1.366569660994769508e+00,3.233353702061618762e+00
6.765808904544695856e+00,1.553321682451502150e+00,3.764343454637931075e+00
7.359764341705924195e+00,2.189227003284847761e+00,4.862782263321737020e+00
8.239291250597277738e+00,2.064980224796112651e+00,4.390883704226022033e+00
8.247735381267931487e+00,1.033664262368640951e+00,4.974171726733342958e+00
6.317229035179385832e+00,1.110825998968873796e+00,5.376557729541342923e+00
7.243608428951484157e+00,1.613719631644539909e+00,5.718443854718620045e+00
6.640021044798916527e+00,1.950204508468257103e+00,3.514008666371421619e+00
7.642815746828746093e+00,1.599132478225558707e+00,5.181168224547245238e+00
6.791188037281424172e+00,2.081550999373172672e+00,4.444988477885920553e+00
9.416622432696803102e+00,1.031478017668352898e+00,4.852198784719014668e+00
7.279927620519934806e+00,1.973063653509574911e+00,4.661547360455573497e+00
1.009104574757829376e+01,1.217888132978140581e+00,5.735647606572574553e+00
5.785672034684913534e+00,9.268970140022469995e-01,3.556030254985475647e+00
7.177735628646519928e+00,2.107403781345371652e+00,5.129768479250716773e+00
8.490406990376797580e+00,1.994895729343988622e+00,5.661229183427658462e+00
8.673714186486716216e+00,1.910869687307735099e+00,4.680875299108552490e+00
9.079428118443971130e+00,2.213370902411639474e+00,5.608226242820208540e+00
6.758899530585086524e+00,1.555007519378970304e+00,5.264034612286457637e+00
6.386759557676551680e+00,1.475041132184681025e+00,5.371820942968594359e+00
4.895141128913974349e+00,1.405257270799196823e+00,4.283365160989612619e+00
6.982879107749280223e+00,1.953650773013956954e+00,4.830184285631870189e+00
9.246047291941390966e+00,6.833514681972004956e-01,5.824125937214811088e+00
8.540722789957671424e+00,2.111722238430650656e+00,2.868909522153412883e+00
6.650396694550899213e+00,1.073980492459512437e+00,3.106678359256704880e+00
8.448778792128692317e+00,2.785231739165312970e+00,4.741738951777532129e+00
5.321399784928356524e+00,7.712586359393713842e+00,6.752310480967773643e+00
6.254903030118752483e+00,8.759349168026107080e+00,6.777222220283869447e+00
4.989855207716737517e+00,5.292014511910696939e+00,7.538538225094644218e+00
5.463883795780182240e+00,8.565309415412540872e+00,7.350476291678749163e+00
3.178847652246476141e+00,6.260973334920275413e+00,7.142015451620136623e+00
4.414596120902337439e+00,8.482039951279697121e+00,5.159755407326744425e+00
4.327156925036573121e+00,8.354332061692247180e+00,6.111163419183465173e+00
6.615889484420619304e+00,6.862014095328695440e+00,5.300016631873287309e+00
4.389213637924983757e+00,6.568909929715847085e+00,5.758612468157451758e+00
5.530735268792375869e+00,7.240270647642663704e+00,6.741040470743347335e+00
5.114548062351843782e+00,7.024759486500625094e+00,4.493457200399459062e+00
4.063620834490857980e+00,6.779773617987744139e+00,6.528493158096418725e+00
4.210262772389436137e+00,8.504562571306989227e+00,5.521941331580837442e+00
5.352771442645139821e+00,7.904713533580012275e+00,4.890710805779974635e+00
3.691154659767030832e+00,6.485757556267945034e+00,5.679158187848408978e+00
3.500622822315778038e+00,5.467000603538143544e+00,5.595019884692348455e+00
6.466907396809032704e+00,7.297943845252333972e+00,5.342304829032886282e+00
5.264609406154294291e+00,5.032686873553553930e+00,4.834499016320898512e+00
4.816176445661279004e+00,7.701002554630119512e+00,6.124203973706174864e+00
6.130246310212162264e+00,5.870147018585106125e+00,5.370263613259261604e+00
5.163406809668107833e+00,5.664411486452834765e+00,6.927094885373696442e+00
3.873268836792549852e+00,6.664745232026840327e+00,7.319804803492057310e+00
5.710774572135953520e+00,7.911172172283755799e+00,7.625201482343339165e+00
4.981494504599457862e+00,7.629991136959681342e+00,7.564664128592156089e+00
4.412455721288786492e+00,7.786628690653516927e+00,7.042527998812199819e+00
4.323253109575810882e+00,7.596037491721800095e+00,6.045015177657714567e+00
5.179286845263680661e+00,5.579270230583292189e+00,6.485024347764847263e+00
4.482484980849364753e+00,7.527576719729630383e+00,6.073869817560346718e+00
3.133007886264572051e+00,7.831526312622951735e+00,5.585458924154838023e+00
4.699144399309686193e+00,6.279574771099178498e+00,4.915982316916320372e+00
5.126971721494840928e+00,8.401628372603896722e+00,6.884712501587158862e+00
3.104276767752076616e+00,5.638686132111063287e+00,4.899742016517603105e+00
3.991941501467677345e+00,6.200676473315787085e+00,6.264965766624939647e+00
3.757391544485773949e+00,7.458636778590779670e+00,7.034918755436397220e+00
4.905442911795081962e+00,6.864273536652416574e+00,8.308596907687469724e+00
6.010530103163397087e+00,5.982367462430112859e+00,6.867408798199566178e+00
7.034780350581651298e+00,6.932145670694445982e+00,5.948690008833980691e+00
4.377201454331461683e+00,7.900641956138575672e+00,6.052507594924128043e+00
4.940992277248276388e+00,6.031689794603061650e+00,6.514431085133160160e+00
6.223093103259053294e+00,9.768799216858147005e+00,5.357199179152904556e+00
5.585411088000826751e+00,7.638320555471548090e+00,7.716280909978256553e+00
4.502143999444456313e+00,8.090791699287994021e+00,5.740930953190340524e+00
4.499823868417861306e+00,7.631658588888626582e+00,6.049007533655450963e+00
4.227755961150180930e+00,9.317769264950616304e+00,5.528336766511259270e+00
4.223766071486494411e+00,7.288475523830773461e+00,7.241588649297518998e+00
5.838925837038085653e+00,6.101565380978310138e+00,6.991839022142203319e+00
4.591234188618979140e+00,6.704192091905827766e+00,6.000945488196392397e+00
5.722611419955030421e+00,5.729732599760262168e+00,6.398442770077885200e+00
4.990098067929991998e+00,9.206800250657240170e+00,4.144063583663523787e+00
4.136505566607943329e+00,6.956872434123131832e+00,6.228472351734492207e+00
5.641977625846145372e+00,6.276783139747876383e+00,4.812251437295540057e+00
5.398673243220313722e+00,6.325065219675427564e+00,6.572603365390598640e+00
4.939153567196693295e+00,6.952543045015238121e+00,5.950181405340806862e+00
6.026708215446906713e+00,8.803729689891378385e+00,4.275242686127674219e+00
6.235874106834049080e+00,6.861856876669865990e+00,7.515978212314003315e+00
5.358250225293498481e+00,7.279608965141710186e+00,6.155654969243723684e+00
4.635983233566976836e+00,6.771237213340643990e+00,8.107069259339116485e+00
3.773115362131005845e+00,6.661523351694875750e+00,6.330985634157785036e+00
7.510915922292622504e+00,6.781075543158015861e+00,5.724719402984877803e+00
4.790555981260091301e+00,6.787278813088409635e+00,4.456469951841699917e+00
4.806928691701268797e+00,7.429428515734202598e+00,4.532296945966786339e+00
5.561536310330201793e+00,5.782582084738141504e+00,6.547968141742343207e+00
4.459523949565486589e+00,7.309641395899654448e+00,7.715891708171314534e+00
5.359210069180581293e+00,6.055116419013162776e+00,5.886644287216986626e+00
5.172966372744191688e+00,6.195408617762360848e+00,5.542375071770126560e+00
4.333208548222630796e+00,7.848642147839357541e+00,5.848137519581971588e+00
4.053731062405998564e+00,7.276611352724883908e+00,6.379199197355138296e+00
5.590309932797228321e+00,7.472603220510712241e+00,6.552868053965564599e+00
4.664475989858566152e+00,6.844880240572794428e+00,7.118899238177947453e+00
6.435353270746232646e+00,7.056064993177996847e+00,6.315210728481729596e+00
5.796173037333381295e+00,6.014641330578231582e+00,5.703282641776007189e+00
5.699113700596607046e+00,5.895018190503731326e+00,6.158971482641798723e+00
5.686228046784918888e+00,4.994084938441940125e+00,6.469233031710064807e+00
5.089794676114722805e+00,6.289345371358870729e+00,6.916353005503525608e+00
6.041721905371140622e+00,6.840577420160514954e+00,5.836038632051940844e+00
6.852110439463815261e+00,8.362265659805640183e+00,6.575792484258744075e+00
5.555540567550584896e+00,6.691420634165976544e+00,6.603281819465532720e+00
2.346027757271274439e+00,4.680586259202693000e+00,5.041290400849375075e+00
4.175029368035970023e+00,6.717787401632607569e+00,4.263502092899785545e+00
6.161339215745448072e+00,8.129091528983867221e+00,6.247085365666500856e+00
4.129034215021579968e+00,8.456016940159846840e+00,5.102054947485838099e+00
5.511677327371240054e+00,8.183563464841224544e+00,5.177611710761478747e+00
6.434391931087998451e+00,8.443674955172362218e+00,5.406581298538895908e+00
5.058970633856734622e+00,7.020384634967622439e+00,6.279357381773310820e+00
5.064188067553184958e+00,6.968490296653087945e+00,7.132558755574891052e+00
6.533327081411648862e+00,6.338657377539685278e+00,5.349000555869032780e+00
5.868441527819825865e+00,9.587497634649873035e+00,5.050521347269728345e+00
4.167287070478932876e+00,8.343859200470896909e+00,6.645868256206850511e+00
5.022558268664837122e+00,8.390465626331844007e+00,5.467140771330869065e+00
4.641742822667197288e+00,4.771895255234207767e+00,4.747799528679118808e+00
5.449307560577566711e+00,6.669040629537460241e+00,4.819621369449786030e+00
3.706932890247057522e+00,7.210699788138918542e+00,5.039599978655200374e+00
4.568094305475056238e+00,8.387723916226416776e+00,6.218970357127300730e+00
4.502067456815626478e+00,7.686620071998385484e+00,6.139932343752878552e+00
5.793639433193225052e+00,7.335593060916368202e+00,4.595108581937866532e+00
5.571980734770962229e+00,6.444883759106280863e+00,4.410295441914351855e+00
3.953427783373206772e+00,6.362404273557792145e+00,5.286441677695902897e+00
5.925652257510638066e+00,7.899764485861934027e+00,5.243058821012677839e+00
4.263466784114848807e+00,5.510316400033977047e+00,9.079465559502223115e+00
4.601164597255166910e+00,8.407537594532067615e+00,6.047070232545006974e+00
5.241160770233064703e+00,5.959981762863026944e+00,6.790617227745475937e+00
5.263796688068059559e+00,5.973747077881543355e+00,5.877964081914735850e+00
6.477384039400895688e+00,6.833730930448344232e+00,4.915686348807846606e+00
5.013582063564832936e+00,9.508549610080413217e+00,5.688310350387226322e+00
4.997865901188482951e+00,7.843789142825144722e+00,6.218424969526649804e+00
6.463072390983783500e+00,6.399776216970596288e+00,7.075807656211147822e+00
4.616074191368636725e+00,7.284544964021228530e+00,4.961276950826086107e+00
4.455325860486097689e+00,6.801720471635299248e+00,6.601425189136362448e+00
6.503899976590044041e+00,7.966866560014720378e+00,5.966266673375480778e+00
4.325315277168885864e+00,5.405654842693913054e+00,5.124334453440314796e+00
4.926347942988463124e+00,6.962632937764479557e+00,5.426389470020330563e+00
5.511747524563773482e+00,6.391452618667012864e+00,4.932509586991170814e+00
5.382916443000773654e+00,7.293470773300520626e+00,5.740209634902625702e+00
3.984421234240107523e+00,5.043781283249431091e+00,6.138899281439105238e+00
6.924277109468363278e+00,8.874585671371049145e+00,6.949078785632174515e+00
5.100309038778261694e+00,6.781451621914489358e+00,5.242938118969657779e+00
5.287663340834590997e+00,7.958347481695583703e+00,6.701697888644573275e+00
4.849225622121314139e+00,7.208505117612602930e+00,5.620319576218025581e+00
3.819167232284878644e+00,6.839183998870527859e+00,5.498103774027058854e+00
5.629484614616636406e+00,6.618934663456412792e+00,6.273516497832346772e+00
4.241200691261046707e+00,7.136240194093177003e+00,3.873140964003611408e+00
5.430094473226821705e+00,7.077382086433470221e+00,5.967330569142038854e+00
5.396124091867807948e+00,7.190317199094825362e+00,3.961544019497333480e+00
4.515913964360102284e+00,6.865834250271737105e+00,5.732291627143715651e+00
5.398578139373156226e+00,6.488662327854520129e+00,7.708477277574166564e+00
5.616964018903447986e+00,6.129443797209316536e+00,6.394255879507495521e+00
4.556032007743534784e+00,7.605769593674082785e+00,6.499766922938735370e+00
4.038189094470868490e+00,6.661228433329788423e+00,5.510657049342513325e+00
6.807702979570267487e+00,7.087259239309145364e+00,6.637518776835719336e+00
5.518830612711531636e+00,8.377570639230064842e+00,5.156990360778438642e+00
5.832720063914649700e+00,6.382086349451830287e+00,5.634108483401971235e+00
6.227250544783504260e+00,4.386558322963378664e+00,7.288764834640971024e+00
5.288077931009212307e+00,5.983153014817242266e+00,5.296589809082485445e+00
4.952912245392703916e+00,5.943458595435305192e+00,6.792490570562778274e+00
4.731975255033729511e+00,8.642384014529246983e+00,5.137337256638419447e+00
4.121448226127569114e+00,6.768074471875832110e+00,7.265071043506150517e+00
6.232424476897548971e+00,4.635613291622079579e+00,6.512415792940561055e+00
4.518115747510198510e+00,6.914870100944022546e+00,5.985863454873989298e+00
5.080154432058723302e+00,5.132339069423847988e+00,4.654644561454637675e+00
4.805639397447190042e+00,6.760564891976938995e+00,3.969972005338269661e+00
6.555899377883450008e+00,8.171192943697496602e+00,7.604716610084882866e+00
5.846191311729668882e+00,7.276788022340348938e+00,6.256546230177932877e+00
5.931600101935496916e+00,7.168934688131895605e+00,5.789360873794735518e+00
3.831869730156368448e+00,7.079578950877941423e+00,4.905076963246697730e+00
4.068231988402382093e+00,4.484343243679870028e+00,6.484864806634343282e+00
5.233806250364327006e+00,7.501560535682489927e+00,4.946348215254621650e+00
5.862570174965091141e+00,6.178985204559436895e+00,5.036953751078636188e+00
5.690606542910146892e+00,8.157020841894198071e+00,5.509030421266415622e+00
4.604207846153437700e+00,5.823702489753159739e+00,5.423990098604329901e+00
3.017271997035515518e+00,5.839175544817553742e+00,5.378714508197083077e+00
5.006841896864660413e+00,6.220461364956934247e+00,6.393160702840940068e+00
4.284422675919722145e+00,7.178536060824531440e+00,5.320218723162210672e+00
5.317854875482948884e+00,5.633446878320890860e+00,5.714311198259862223e+00
4.011579914967168925e+00,7.448935960035955262e+00,6.126707954120776733e+00
5.273849382935442698e+00,8.134256836875932706e+00,6.839670744270156533e+00
5.357826708493631962e+00,7.619076247416678882e+00,6.711737968999702986e+00
3.537505700134923714e+00,6.363033348495268804e+00,5.169421009938982792e+00
1.582486054890625660e+00,7.588018199792552210e+00,4.158878363272411782e+00
4.294265471157095782e+00,6.681928704713170575e+00,5.996536905483828228e+00
4.959103747114990135e+00,6.531200219860648915e+00,7.187056060840369298e+00
5.201203597271373269e+00,6.285068104598282801e+00,5.902070630937106266e+00
4.975617879523676734e+00,3.956935914393743481e+00,6.368486873237454660e+00
5.805837009060161868e+00,7.704259575339983179e+00,5.940557219380700360e+00
2.516180682127467705e+00,7.016461875699917528e+00,6.531032636459743301e+00
6.178916017092136670e+00,7.047276226703822033e+00,6.417001658769381223e+00
5.199637108749144865e+00,5.534909791510327359e+00,5.755657167167032462e+00
5.636783441693506980e+00,6.900803793119627549e+00,5.987723818383169139e+00
4.884354362763841273e+00,7.048215792535894586e+00,6.212967360769553693e+00
6.138229114917066909e+00,6.790603261953422454e+00,8.361397886271822344e+00
4.657956752781315046e+00,6.624672766854043715e+00,7.528215794114704984e+00
5.353097054322371484e+00,4.573188563462093015e+00,6.877917097836688143e+00
4.012333732537971542e+00,7.045215282568987547e+00,7.183184662832470480e+00
5.749922202661485571e+00,7.150257339268167200e+00,6.085296901708566075e+00
5.868221848655071682e+00,6.163966416270064919e+00,5.249072263750224288e+00
5.816669882605178366e+00,8.577812335359293883e+00,6.440232874978282673e+00
5.240041677963439781e+00,7.782654888249399328e+00,4.622890756306065718e+00
4.664684766845825337e+00,5.866017617700038045e+00,5.240332960067487278e+00
6.072144401521112123e+00,5.934157001535586673e+00,5.280596251360489823e+00
2.955108304173281297e+00,6.505235035366212060e+00,7.346761814083067499e+00
4.518209832979369622e+00,7.677544317987790023e+00,5.581862001675654383e+00
5.955619735371435297e+00,5.853835458992962870e+00,3.804087825641809584e+00
3.572713477968247453e+00,8.787309272549219230e+00,6.255284998308543898e+00
5.621854830572686978e+00,6.805890339673986489e+00,5.988786543951674091e+00
4.747604602596657841e+00,5.607352646008639141e+00,6.429874267219892303e+00
4.689563958188474047e+00,6.823988012646998058e+00,7.813032307126554166e+00
4.870763868768271720e+00,6.652572370523718526e+00,5.551845268458511562e+00
5.846994221480017906e+00,5.980973546515125250e+00,4.862156733471106662e+00
4.837331729522619916e+00,7.567276981930121771e+00,5.934438977951456806e+00
3.792720902235499736e+00,5.019859811008751116e+00,5.208843611754144121e+00
5.086001715878259333e+00,7.909173629768712743e+00,7.201229173313347331e+00
4.458062032572285283e+00,7.211055477526320701e+00,4.168947782659303769e+00
5.645089935539647996e+00,5.851922928023887138e+00,6.717691351345388640e+00
4.945232612583335907e+00,8.800062411343484214e+00,5.107368104243279916e+00
5.008314452827523411e+00,4.245410749053908361e+00,5.997709549350478397e+00
4.834943390285125098e+00,7.310637339837744442e+00,6.587767056521809828e+00
4.366545443429525442e+00,6.951162068388490489e+00,7.506338517526200960e+00
3.694046973917258114e+00,7.327225005395340496e+00,5.911083783152816906e+00
6.384142494494525089e+00,7.731893400552463547e+00,5.393101677405431005e+00
3.038928669246784064e+00,7.628331125206155860e+00,6.481065154767999381e+00
4.932677629546416753e+00,7.552747181444326330e+00,8.769862505614321790e+00
5.330512945489862986e+00,1.102812932448972827e+00,7.515890242078225869e-01
4.816475505206135210e+00,2.478498413778546627e+00,6.158054664208736373e-01
5.213746043623795678e+00,9.440099163965005591e-01,8.166077634488990711e-01
5.330036415459972865e+00,2.469035799710927570e+00,4.739756091508613434e-01
5.097405828042190556e+00,9.604521261446745672e-01,1.036426530862366580e+00
5.906326833772894247e+00,1.816216673476765964e+00,9.038640131352035922e-01
4.664321501922707114e+00,2.450449876980179909e+00,1.186685713006219611e+00
5.329108390506862136e+00,1.584825914476227338e+00,1.091360494541590009e+00
4.011774073862637735e+00,1.813929292104375257e+00,9.971377419065219350e-01
5.424968828678345290e+00,2.035584382992778885e+00,9.733991729081556965e-01
5.934403359333863648e+00,1.560298845826039837e+00,1.302410163120960140e+00
4.944301559440652305e+00,1.523596204039134872e+00,1.096867565557955171e+00
5.293616861652870043e+00,2.360150583620320930e+00,1.246504062874081109e+00
4.756232930508676127e+00,8.723986271336339193e-01,1.240387016444157275e+00
5.110853261306059103e+00,2.476126958596572614e+00,6.771145921275436574e-01
5.051113998112814585e+00,1.523842553432604774e+00,9.812770324506742137e-01
4.677692757755998798e+00,1.550674132340430722e+00,1.166304732978780345e+00
5.120095732626792184e+00,1.044049228033015364e+00,9.214561419183046054e-01
4.483147240024310420e+00,1.760969641515630624e+00,1.094609950654832353e+00
4.470739488436245246e+00,2.094138422350573236e+00,9.273940421926168964e-01
4.965618632234475527e+00,2.944270837168496691e+00,1.247709258895187023e+00
5.686808669186424581e+00,1.331237541600323482e+00,1.007340690116732107e+00
4.574319181388124989e+00,2.897945660658135747e+00,1.514070192136990123e+00
5.031717282192281537e+00,2.543690859059668963e+00,8.992232672849985731e-01
4.664874450378947657e+00,2.383825514465159223e+00,8.162675855010697035e-01
5.631848596641241933e+00,1.159949269833091101e+00,1.194751354916884001e+00
4.769477498194572895e+00,1.491998625795962097e+00,1.271446936788728888e+00
4.513150047715850377e+00,1.229371350800722462e+00,1.305728024308274282e+00
3.951667182768819231e+00,2.025845185583652786e+00,1.423107088607995285e+00
4.278731106735992995e+00,2.733518212104903089e+00,7.732261740818592299e-01
4.247048062798945978e+00,2.574051151951599170e+00,7.397313755574481675e-01
5.256136870112488424e+00,1.142473972235969359e+00,1.223963644821368657e+00
4.646168809620466078e+00,2.209693748764939070e+00,8.485836126719646932e-01
4.961897607189023063e+00,2.458752839205312846e+00,8.590142684482220403e-01
5.727020754834287075e+00,2.573932924205146300e+00,9.303348636016077755e-01
5.407888918826420088e+00,2.110900655329522646e+00,9.607928060643542434e-01
3.941959835940743506e+00,2.075659176227975689e+00,8.686483105460470755e-01
4.893389308268102589e+00,2.391951813826807438e+00,8.182963729305670064e-01
5.090836703405719810e+00,1.549857426853711972e+00,1.158191965464255846e+00
4.156205255586492342e+00,2.513816583484913103e+00,8.459365030680494613e-01
4.947142810225151344e+00,1.556294111950573100e+00,1.088651324940631548e+00
4.567170798694978551e+00,1.101750259668376142e+00,1.067541493699895261e+00
4.017375687116613747e+00,2.169200937773703153e+00,7.713107647583717918e-01
5.492858438047248271e+00,1.787418608637830086e+00,1.111419586855009856e+00
4.710463373483528393e+00,1.581009837287366881e+00,9.059137914054752327e-01
4.613041113447227559e+00,2.371787088394696763e+00,1.250299920746488436e+00
4.466200728397236475e+00,1.955759761309782352e+00,1.051864067366713007e+00
3.973912454875632605e+00,1.749097202905356196e+00,1.252181978922265015e+00
4.515542989513100736e+00,1.908565542966857764e+00,8.522250648233383741e-01
4.511908161118543426e+00,1.866003120919886626e+00,1.145501129691439690e+00
4.058817240363350898e+00,2.253523591351543232e+00,1.236284655018252465e+00
5.858292205268306851e+00,2.610955062506401525e+00,1.187308955401267685e+00
4.322013886707506636e+00,1.221316825148548224e+00,6.944191541914406240e-01
5.474364429081317596e+00,2.283254801538585621e+00,8.641352316301741388e-01
4.536925812208311370e+00,2.274321287157877514e+00,1.194704212558607370e+00
4.085216499380635469e+00,1.541818259184594808e+00,1.381360366160417241e+00
4.477160751054947596e+00,1.160895848287976317e+00,7.892474416538328708e-01
5.243671373792477830e+00,2.444537344789972977e+00,8.055196652594718287e-01
5.607035400825971294e+00,1.328950852342607902e+00,1.045541564122318912e+00
5.221629649734319756e+00,1.534511912367858777e+00,9.916586874748688496e-01
4.444288785364848948e+00,2.928828143541578832e+00,1.008548303737840213e+00
5.481113683129742675e+00,1.782049173926683050e+00,1.271667011583952345e+00
5.371900459939880967e+00,1.695787668909206847e+00,1.112597237052589172e+00
5.495883492442489526e+00,1.120110366439144967e+00,9.950146127427629272e-01
3.986526032698500366e+00,2.210243010730427393e+00,9.233730789199336986e-01
4.898858158431269594e+00,1.631308900189610833e+00,9.658537812584322424e-01
5.420493916607963314e+00,2.942404332207022577e+00,1.262119407647121161e+00
5.008931423133760497e+00,9.987538216828408810e-01,1.139429314888376288e+00
4.552139705410136017e+00,2.129157140872567133e+00,1.092659230348983712e+00
5.786474808153877269e+00,2.690330076059682440e+00,1.085663453127866163e+00
5.939439770672116481e+00,2.381829504012856535e+00,9.124632134195206357e-01
5.495542357983847381e+00,1.789828340469071577e+00,1.001104519227804746e+00
5.358471051330766954e+00,1.600172655540717193e+00,9.483740072654903708e-01
5.147983462889958339e+00,2.484572618984771442e+00,1.162478815369054175e+00
5.647013730634695250e+00,1.137492702199387917e+00,6.842744274868884924e-01
5.330000547660880272e+00,2.959873427646496857e+00,9.253595218495831443e-01
4.316596341360188660e+00,1.271207640225351820e+00,8.171062419674496313e-01
4.831317321306255685e+00,2.376739971405352758e+00,1.006452166779199464e+00
4.391928896289333473e+00,2.685990051522159305e+00,1.372393909138582169e+00
4.571906046567760562e+00,3.013347131608375751e+00,1.034861923986430732e+00
4.023019900763035395e+00,2.394294313145002295e+00,1.072989585212536845e+00
5.221059517369374348e+00,1.522914198932985297e+00,9.529342581101926113e-01
5.659616771505046273e+00,2.670855462959269122e+00,8.900889191237825182e-01
4.272786918025117231e+00,1.383185204398091450e+00,1.247876148718269462e+00
5.532117935897955974e+00,2.124041255655927607e+00,1.233103055013162308e+00
4.935443380418903736e+00,1.019086346605176052e+00,1.145934352611345464e+00
5.541540892188383083e+00,1.875367234581130749e+00,6.486725165372106972e-01
4.608199377070778979e+00,1.624330484809864972e+00,1.100663427498060010e+00
5.694425007488323587e+00,2.769837275939570631e+00,9.655230536838613764e-01
5.007525810131463473e+00,2.974492397453409431e+00,8.547528641849087006e-01
5.443577992843161795e+00,1.930712902422439203e+00,8.948045222048586211e-01
4.756827888629336698e+00,9.456675826828524478e-01,7.827584876727364804e-01
5.478608261317615913e+00,2.103180709401295978e+00,1.045845184226052993e+00
4.367034779561300262e+00,1.273062921682329041e+00,8.473003232846333388e-01
4.361775555226318879e+00,2.716497079559845318e+00,6.140357687709049328e-01
3.970304648144881821e+00,2.276062108983758492e+00,1.109604796809117166e+00
5.974412749198016570e+00,2.174831387074751099e+00,8.169905922049855995e-01
4.000377207768215371e+00,1.896039753928254967e+00,1.034057827985405797e+00
5.479055043574871497e+00,2.874984520648899977e+00,7.698795885620116630e-01
4.942181013151918378e+00,3.053916043495602750e+00,8.709900103053401788e-01
5.334069015252920209e+00,1.648826839491227325e+00,1.009993398710985257e+00
4.081648711538967689e+00,1.707000919712706288e+00,1.028628797668369899e+00
5.638707997933348537e+00,1.350126228158678554e+00,1.048833053141084992e+00
4.804754967310663538e+00,1.409794901409491263e+00,9.321427345949395704e-01
5.234128931876656843e+00,1.587735305485606485e+00,9.448372643209465016e-01
4.221427563537657690e+00,2.686010616894412451e+00,1.160345414251774621e+00
5.993291143886265715e+00,1.538220111783421329e+00,9.252275061293812053e-01
4.842330217665480774e+00,1.068574113185497998e+00,8.464076541495444417e-01
5.418080062981971423e+00,1.738242195304624982e+00,8.361174271244589118e-01
5.095631096812639704e+00,1.448692754567272756e+00,8.930424097625783153e-01
5.696435629400571798e+00,1.364405423996660760e+00,9.356472614581125002e-01
4.853394663741236847e+00,2.400306174743596088e+00,9.084904205964438040e-01
4.548756488941553044e+00,2.307408650938968631e+00,8.880212350976834923e-01
5.312403323732551641e+00,1.610594333427555869e+00,1.458129032687325521e+00
4.587700732100573831e+00,2.259924029283706837e+00,9.708264304757499019e-01
4.566159845302716569e+00,1.716153125066454788e+00,4.763396085462318075e-01
4.536390762958109946e+00,2.073820975810557243e+00,1.031654702433685733e+00
4.658009059149738285e+00,2.357575852405441097e+00,1.062140862888141690e+00
4.083651559957243826e+00,1.572934830415700702e+00,1.029351203048104013e+00
4.109577054687768793e+00,2.339823627559530106e+00,9.329907141883276855e-01
5.147765941040723270e+00,1.443619848658075577e+00,1.086857851557633259e+00
4.830175891701868451e+00,1.580589314073910678e+00,1.338048437643858835e+00
5.909824671193724122e+00,2.367123544766357668e+00,1.295091176044038894e+00
5.338870647560650440e+00,2.350292543899477504e+00,1.055872792413770300e+00
5.524391079815184291e+00,2.833231627457896362e+00,7.668349987327659489e-01
4.682456936172388673e+00,1.644091920996713974e+00,9.680098856175781696e-01
4.111569034123707667e+00,1.885552824904062730e+00,9.138064706445063745e-01
4.746189023777294125e+00,1.528915725679767412e+00,1.173772312331082368e+00
5.391899411727850477e+00,2.222712991207210109e+00,1.285117695436075458e+00
5.193270435246606809e+00,3.020975527876362143e+00,9.097097581349559148e-01
4.768058201858106138e+00,2.860390543924563822e+00,1.150649636747003157e+00
5.417307330054151215e+00,2.178054223764839481e+00,1.048389491600609125e+00
5.261065962300944143e+00,1.617203824106318244e+00,1.178239234212486775e+00
4.730524407108899432e+00,2.427974629197539258e+00,1.083862311945482215e+00
5.411151879831806788e+00,2.295703492091462294e+00,8.205367971694090823e-01
4.636087908381834488e+00,1.747869042911733395e+00,9.105078372837995815e-01
4.792304717425117211e+00,2.894990101186452502e+00,1.047621305592849383e+00
5.483012632827965582e+00,1.786901147648166654e+00,1.022130948602480771e+00
5.102466712358541656e+00,2.472398347198803137e+00,8.326857365816252576e-01
5.187634533478227894e+00,2.375304145594246297e+00,1.134837782743228107e+00
4.998870811849564610e+00,2.533637252247411098e+00,1.215830203412420651e+00
5.304483978232773289e+00,2.995835571892385030e+00,1.132275044725125523e+00
4.530958793999097622e+00,1.880800733458485530e+00,9.750060313784902899e-01
4.910111878646010730e+00,1.435732389579850388e+00,1.102326801995943129e+00
4.629233982706842276e+00,1.656825460823443841e+00,7.707878808022532446e-01
5.923427091455617521e+00,1.852960000015835940e+00,1.471882721453725784e+00
5.902125054278966942e+00,2.438874763782664878e+00,9.580108217114393643e-01
4.650687408386623645e+00,1.096825036171801049e+00,1.075327879021409805e+00
5.895202784548811970e+00,1.568267025316117724e+00,1.019641635940095048e+00
5.961654116019624361e+00,1.983561346009119708e+00,1.072425976756896659e+00
4.546138286828232289e+00,2.282014006372917070e+00,5.640836000215099233e-01
4.536100007036854009e+00,2.099061579810629130e+00,1.103969858141319538e+00
5.653749323259683379e+00,2.811420772281358005e+00,9.497243246333435529e-01
4.617099859319581334e+00,1.990378337901027583e+00,9.804334839565824744e-01
4.846272291888243267e+00,1.492390687779057146e+00,8.822622488522027240e-01
5.807558730732602648e+00,1.427691662663842953e+00,6.604680690933024678e-01
5.839745590504678674e+00,2.621434047528421019e+00,6.853011721070135787e-01
6.038145154235286860e+00,2.117155975732919693e+00,1.235058778594856133e+00
4.891010024991862437e+00,2.536376000832218480e+00,1.169098723207780743e+00
4.610414592389648014e+00,2.902720942595065079e+00,9.919343095142671984e-01
5.305964261414103156e+00,2.922068898021521033e+00,1.391965745354773354e+00
5.331917777937685621e+00,1.556290124444322354e+00,7.751520069788565559e-01
5.981078678816905914e+00,2.134771184383837728e+00,1.220804563402151377e+00
4.025750546995438661e+00,1.676491348310994223e+00,9.252238828033159113e-01
4.400852775886235690e+00,2.878135050975416220e+00,6.662360260018616032e-01
5.243693442492493695e+00,1.555988544691942810e+00,1.065547264019190976e+00
5.079456949740284166e+00,2.416674532078511906e+00,1.486225884536082287e+00
5.476970355747475594e+00,2.067198645626056486e+00,1.173008152179704444e+00
5.152517940585143563e+00,2.454741027832744393e+00,1.006790702806019455e+00
4.705148947747185062e+00,2.804679852303307186e+00,9.432759541236597212e-01
4.426490456739928803e+00,1.189228288403463285e+00,7.160678661771553433e-01
5.010596534853560158e+00,2.983264877376706536e+00,1.030856933930739849e+00
5.939076066870311088e+00,1.716100221089541300e+00,1.037616019702908510e+00
5.988381814861643448e+00,1.938410008877717638e+00,1.049941102743809473e+00
5.867024733853477336e+00,2.394714911851356209e+00,9.281115225960426818e-01
4.928673819049605775e+00,2.525446948298760041e+00,1.167089046542544306e+00
5.247057163388175738e+00,2.945730340072051145e+00,8.861206736712712306e-01
5.920397338224639761e+00,1.942368950612702871e+00,9.633577873413482484e-01
5.498950683013729801e+00,2.118561057894195798e+00,1.335899745995013932e+00
4.452268808976080905e+00,1.870478862055083846e+00,8.147630219289990761e-01
5.461021937484473732e+00,2.375561348537381434e+00,7.773327415726805079e-01
4.709981381065432515e+00,1.593985546847645374e+00,8.185374969769546594e-01
5.425756753229975082e+00,2.402252684258685100e+00,1.008261290465367832e+00
5.465066668394104710e+00,1.986704490106333765e+00,1.317362040597068740e+00
5.422800272203295968e+00,1.086483861252814709e+00,1.001042935879067786e+00
4.230338951439772011e+00,1.385728574509598188e+00,9.544760237048807161e-01
5.287903802446529689e+00,1.013265656108579105e+00,1.007874672958282147e+00
4.911349802924917185e+00,2.526551013359582321e+00,9.694252528525219015e-01
4.119152574207343598e+00,2.520294093989200679e+00,1.064073670279813477e+00
4.774418132284209193e+00,1.073670575084945344e+00,8.658609296544809153e-01
4.601761445316054022e+00,2.380465201927886465e+00,9.882155724163177446e-01
5.819906354715032926e+00,1.479944689242010281e+00,1.220581427702992494e+00
4.613158577203958721e+00,1.661867067392944319e+00,1.006279348599244283e+00
5.398846307769605168e+00,1.792881173675115569e+00,1.154172029152705559e+00
4.478613823101419200e+00,2.158466440610014470e+00,1.156977902207290576e+00
4.189149683930165402e+00,1.406900987555110838e+00,1.077605956553665756e+00
4.485794620497840057e+00,1.814049599794893775e+00,9.733164465193794301e-01
5.949202565742640836e+00,2.062675187678532751e+00,9.101931668394265262e-01
5.221915428650876656e+00,2.351091565100693614e+00,1.401764136394687998e+00
5.509938855131839119e+00,2.009506694364769253e+00,1.032862933496073055e+00
